{"properties":{"title":"","pageLayout":"default.html","pageDescription":"","keywords":"","hideFromSearchEngines":false,"header":"","footer":"","noIndex":false,"noFollow":false,"noArchive":false,"noSnippet":false},"slots":{"overlay":{"components":[],"grid":""},"background":{"components":[],"grid":"","styles":["background-attachment:scroll","background-color:","background-position:left top","background-repeat:no-repeat","background-size:cover"]},"content2":{"components":["c6abd26d-28b4-4be1-930c-18370cf566d0"],"grid":"<div class=\"scs-row\"><div class=\"scs-col\" style=\"width: 100%;\"><div id=\"c6abd26d-28b4-4be1-930c-18370cf566d0\"></div></div></div>"},"content":{"components":[],"grid":""},"footer":{"components":["d3d06e79-8af4-4746-8a0f-84a0a4ae2fd0"],"grid":"<div class=\"scs-row\"><div class=\"scs-col\" style=\"width: 100%;\"><div id=\"d3d06e79-8af4-4746-8a0f-84a0a4ae2fd0\"></div></div></div>"},"logocontainer":{"components":["a3faf1db-c39a-46a6-8072-da1b922bf5a9"],"grid":"<div class=\"scs-row\"><div class=\"scs-col\" style=\"width: 100%;\"><div id=\"a3faf1db-c39a-46a6-8072-da1b922bf5a9\"></div></div></div>","styles":["background-attachment:scroll","background-color:","background-position:left top","background-repeat:no-repeat","background-size:auto"]},"currentUser":{"components":[],"grid":""},"headline":{"components":["bab9defd-4708-4f9e-9263-a55fe455f080","a73b9818-d752-4bfd-851f-c2c9151d814a","b542589e-8ad1-4b3e-9e5c-c5ac88cb4549"],"grid":"<div class=\"scs-row\"><div class=\"scs-col\" style=\"width: 100%;\"><div id=\"bab9defd-4708-4f9e-9263-a55fe455f080\"></div></div></div><div class=\"scs-row\"><div class=\"scs-col\" style=\"width: 100%;\"><div id=\"a73b9818-d752-4bfd-851f-c2c9151d814a\"></div><div id=\"b542589e-8ad1-4b3e-9e5c-c5ac88cb4549\"></div></div></div>"},"Content":{"components":[],"grid":""},"contentcontainer1":{"components":["bf861470-9693-43af-a944-f54edd7da229"],"grid":"<div class=\"scs-row\"><div class=\"scs-col\" style=\"width: 100%;\"><div id=\"bf861470-9693-43af-a944-f54edd7da229\"></div></div></div>"},"contentcontainer2":{"components":["af03503e-c7c6-4351-8d7a-0c21da9a2356"],"grid":"<div class=\"scs-row\"><div class=\"scs-col\" style=\"width: 100%;\"><div id=\"af03503e-c7c6-4351-8d7a-0c21da9a2356\"></div></div></div>"},"searchcontainer":{"components":["a91c5f39-9968-4e24-9356-bc93d376b2cc"],"grid":"<div class=\"scs-row\"><div class=\"scs-col\" style=\"width: 100%;\"><div id=\"a91c5f39-9968-4e24-9356-bc93d376b2cc\"></div></div></div>"}},"componentInstances":{"c6abd26d-28b4-4be1-930c-18370cf566d0":{"type":"scs-paragraph","id":"scs-paragraph","data":{"actions":"","alignment":"fill","backgroundColor":"","borderColor":"#808080","borderRadius":0,"borderStyle":"none","borderWidth":1,"fontColor":"#333333","fontFamily":"'Helvetica Neue', Helvetica, Arial, sans-serif","fontSize":16,"marginBottom":5,"marginLeft":5,"marginRight":5,"marginTop":5,"placeholderText":"","styleClass":"","useStyleClass":"true","userText":"<div>Content</div>","visible":true,"width":400}},"9096b489-4768-4a11-97d8-b732aea59705":{"type":"scs-socialbar","id":"scs-socialbar","data":{"alignment":"left","backgroundColor":"","borderColor":"#808080","borderRadius":0,"borderStyle":"none","borderWidth":1,"iconSize":28,"iconSpacing":10,"images":[{"source":"","name":"COMP_ICON_FACEBOOK","class":"scs-facebook-icon","title":"","altText":"","description":"","link":"http://www.facebook.com","target":["_blank"]},{"source":"","name":"COMP_ICON_LINKEDIN","class":"scs-linkedin-icon","title":"","altText":"","description":"","link":"http://www.linkedin.com","target":["_blank"]},{"source":"","name":"COMP_ICON_TWITTER","class":"scs-twitter-icon","title":"","altText":"","description":"","link":"http://www.twitter.com","target":["_blank"]},{"source":"","name":"COMP_ICON_GOOGLEPLUS","class":"scs-googleplus-icon","title":"","altText":"","description":"","link":"http://plus.google.com","target":["_blank"]},{"source":"","name":"COMP_ICON_YOUTUBE","class":"scs-youtube-icon","title":"","altText":"","description":"","link":"http://www.youtube.com","target":["_blank"]}],"layout":"horizontal","marginBottom":5,"marginLeft":5,"marginRight":5,"marginTop":5,"styleClass":"","useStyleClass":"true","visible":true,"contentIds":[],"contentViewings":[]}},"d3d06e79-8af4-4746-8a0f-84a0a4ae2fd0":{"type":"scs-componentgroup","id":"FooterBar","data":{"className":"","components":["9096b489-4768-4a11-97d8-b732aea59705","bc621bee-7b36-4edc-a8f1-106948d2771a"],"grid":"<div class=\"scs-row\"><div class=\"scs-col\" style=\"width: 70.04%;\"><div id=\"9096b489-4768-4a11-97d8-b732aea59705\"></div></div><div class=\"scs-col\" style=\"width: 29.96%;\"><div id=\"aed03106-2283-43bb-80bb-16e270ef61ba\"></div><div id=\"bc621bee-7b36-4edc-a8f1-106948d2771a\"></div></div></div>"}},"a3faf1db-c39a-46a6-8072-da1b922bf5a9":{"type":"scs-image","id":"scs-image","data":{"alignment":"left","altText":"","borderColor":"#808080","borderRadius":0,"borderStyle":"none","borderWidth":1,"caption":"","contentId":"","contentViewing":"","imageHref":"","imageHrefContentViewing":"","imageHrefName":"","imageName":"Cafe-Supremo-Logo.png","imageTarget":"_self","imageUrl":"[!--$SCS_CONTENT_URL--]/Cafe-Supremo-Logo-30650000005298.png","linkType":"scs-link-no-link","marginBottom":0,"marginLeft":0,"marginRight":0,"marginTop":0,"styleClass":"","title":"","useStyleClass":"true","visible":true,"width":300}},"bc621bee-7b36-4edc-a8f1-106948d2771a":{"type":"scs-image","id":"scs-image","data":{"alignment":"right","altText":"","borderColor":"#808080","borderRadius":0,"borderStyle":"none","borderWidth":1,"caption":"","contentViewing":"","imageHref":"","imageHrefContentViewing":"","imageHrefName":"","imageName":"Cafe-Supremo-Logo.png","imageTarget":"_self","imageUrl":"[!--$SCS_CONTENT_URL--]/Cafe-Supremo-Logo-7708770000002955.png","linkType":"scs-link-no-link","marginBottom":0,"marginLeft":0,"marginRight":0,"marginTop":0,"styleClass":"","title":"","useStyleClass":"true","visible":true,"width":300}},"bab9defd-4708-4f9e-9263-a55fe455f080":{"type":"scs-contentlist","id":"scs-contentlist","data":{"alignment":"fill","borderColor":"black","borderRadius":0,"borderStyle":"none","borderWidth":1,"contentTypes":["Promo"],"customSettingsData":"","dateFilter":"all","dateFilterBegin":"","dateFilterEnd":"","dateFilterNumber":1,"dateFilterNumber2":1,"dateFilterUnits":"days","detailPageId":"41","layoutCategory":"","marginBottom":0,"marginLeft":0,"marginRight":0,"marginTop":0,"maxResults":1,"queryString":"","sectionLayout":"","sectionLayoutInstanceId":"e87d9669-8f40-4aec-9686-73266604a00a","sortOrder":"updateddate:desc","styleClass":"","useStyleClass":"true","visible":true,"width":""}},"a73b9818-d752-4bfd-851f-c2c9151d814a":{"type":"scs-contentlist","id":"scs-contentlist","data":{"alignment":"fill","borderColor":"black","borderRadius":0,"borderStyle":"none","borderWidth":1,"contentTypes":["Ad"],"customSettingsData":{"stackColumns":false,"hideColumn1":false,"hideColumn2":false,"hideColumn3":false},"dateFilter":"all","dateFilterBegin":"","dateFilterEnd":"","dateFilterNumber":1,"dateFilterNumber2":1,"dateFilterUnits":"days","detailPageId":"","layoutCategory":"Highlight","marginBottom":0,"marginLeft":0,"marginRight":0,"marginTop":0,"maxResults":3,"queryString":"","sectionLayout":"","sectionLayoutInstanceId":"c28fdc8a-3fcd-4760-99c3-50c444374e51","sortOrder":"updateddate:desc","styleClass":"","useStyleClass":"true","visible":true,"width":""}},"af03503e-c7c6-4351-8d7a-0c21da9a2356":{"type":"scs-contentlist","id":"scs-contentlist","data":{"alignment":"fill","borderColor":"black","borderRadius":0,"borderStyle":"none","borderWidth":1,"contentTypes":["Blog"],"customSettingsData":"","dateFilter":"all","dateFilterBegin":"","dateFilterEnd":"","dateFilterNumber":1,"dateFilterNumber2":1,"dateFilterUnits":"days","detailPageId":"43","layoutCategory":"Overlay","marginBottom":0,"marginLeft":0,"marginRight":0,"marginTop":0,"maxResults":1,"queryString":"offset=8","sectionLayout":"","sectionLayoutInstanceId":"","sortOrder":"updateddate:desc","styleClass":"","useStyleClass":"true","visible":true,"width":""}},"bf861470-9693-43af-a944-f54edd7da229":{"type":"scs-contentlist","id":"scs-contentlist","data":{"alignment":"fill","borderColor":"black","borderRadius":0,"borderStyle":"none","borderWidth":1,"contentTypes":["Blog"],"customSettingsData":"","dateFilter":"all","dateFilterBegin":"","dateFilterEnd":"","dateFilterNumber":1,"dateFilterNumber2":1,"dateFilterUnits":"days","detailPageId":"43","layoutCategory":"Overlay","marginBottom":0,"marginLeft":0,"marginRight":0,"marginTop":0,"maxResults":1,"queryString":"offset=7","sectionLayout":"","sectionLayoutInstanceId":"","sortOrder":"updateddate:desc","styleClass":"","useStyleClass":"true","visible":true,"width":""}},"c28fdc8a-3fcd-4760-99c3-50c444374e51":{"type":"scs-component","id":"scs-sl-vertical","data":{}},"e87d9669-8f40-4aec-9686-73266604a00a":{"type":"scs-component","id":"scs-sl-vertical","data":{}},"a91c5f39-9968-4e24-9356-bc93d376b2cc":{"type":"scs-component","id":"Search-Button","data":{"actions":"","alignment":"right","assets":"","borderColor":"#808080","borderRadius":0,"borderStyle":"none","borderWidth":1,"componentId":"searchButton","componentName":"Search Button","componentFactory":"","componentLayout":"default","contentId":"","contentLayoutCategory":"","contentPlaceholder":false,"contentTypes":[],"contentViewing":"","customSettingsData":{"url":"blog/search.html","method":"GET","urlParam":"term","placeholderText":"Search Blogs..."},"componentConfig":{"id":"searchButton","settingsData":{"settingsWidth":500,"settingsRenderOption":"dialog","triggers":[],"actions":[]},"initialData":{"componentId":"searchButton","componentName":"Search Button","alignment":"center","componentLayout":"default","customSettingsData":{"url":"blog/search.html","method":"GET","urlParam":"term","placeholderText":"Search Blogs"},"nestedComponents":[]}},"description":"","detailPageId":"","height":"","initialized":true,"isCaaSLayout":false,"linkType":"scs-link-action","marginBottom":5,"marginLeft":5,"marginRight":5,"marginTop":5,"nestedComponents":[],"styleClass":"","styleClassName":"","seeded":false,"useStyleClass":"true","visible":true,"visibleNestedComponents":[],"width":0}},"b542589e-8ad1-4b3e-9e5c-c5ac88cb4549":{"type":"scs-contentlist","id":"scs-contentlist","data":{"alignment":"fill","borderColor":"black","borderRadius":0,"borderStyle":"none","borderWidth":1,"contentTypes":["Blog"],"customSettingsData":"","dateFilter":"all","dateFilterBegin":"","dateFilterEnd":"","dateFilterNumber":1,"dateFilterNumber2":1,"dateFilterUnits":"days","detailPageId":"43","layoutCategory":"Highlight","marginBottom":0,"marginLeft":0,"marginRight":0,"marginTop":0,"maxResults":1,"queryString":"","sectionLayout":"","sectionLayoutInstanceId":"caae7e31-e105-4c42-9ab6-d4c41d7915e3","sortOrder":"updateddate:desc","styleClass":"","useStyleClass":"true","visible":true,"width":""}},"caae7e31-e105-4c42-9ab6-d4c41d7915e3":{"type":"scs-component","id":"scs-sl-vertical","data":{}}}}