{"properties":{"title":"","pageLayout":"default.html","pageDescription":"","keywords":"","hideFromSearchEngines":false,"header":"","footer":"","noIndex":false,"noFollow":false,"noArchive":false,"noSnippet":false},"slots":{"headline":{"components":[],"grid":""},"footer":{"components":["d3d06e79-8af4-4746-8a0f-84a0a4ae2fd0"],"grid":"<div class=\"scs-row\"><div class=\"scs-col\" style=\"width: 100%;\"><div id=\"d3d06e79-8af4-4746-8a0f-84a0a4ae2fd0\"></div></div></div>"},"content":{"components":[],"grid":""},"logocontainer":{"components":["a3faf1db-c39a-46a6-8072-da1b922bf5a9"],"grid":"<div class=\"scs-row\"><div class=\"scs-col\" style=\"width: 100%;\"><div id=\"a3faf1db-c39a-46a6-8072-da1b922bf5a9\"></div></div></div>","styles":["background-attachment:scroll","background-color:","background-position:left top","background-repeat:no-repeat","background-size:auto"]},"overlay":{"components":[],"grid":""},"currentUser":{"components":[],"grid":""},"background":{"components":[],"grid":"","styles":["background-attachment:scroll","background-color:","background-position:left top","background-repeat:no-repeat","background-size:cover"]},"content2":{"components":["c6abd26d-28b4-4be1-930c-18370cf566d0"],"grid":"<div class=\"scs-row\"><div class=\"scs-col\" style=\"width: 100%;\"><div id=\"c6abd26d-28b4-4be1-930c-18370cf566d0\"></div></div></div>"},"Content":{"components":[],"grid":""},"contentcontainer1":{"components":["e461112f-2ae8-44ce-a2ad-592774164c37"],"grid":"<div class=\"scs-row\"><div class=\"scs-col\" style=\"width: 100%;\"><div id=\"e461112f-2ae8-44ce-a2ad-592774164c37\"></div></div></div>"},"contentcontainer2":{"components":["dbc4cc72-36f3-4a20-ad3c-7e9ce8724f2d"],"grid":"<div class=\"scs-row\"><div class=\"scs-col\" style=\"width: 100%;\"><div id=\"dbc4cc72-36f3-4a20-ad3c-7e9ce8724f2d\"></div></div></div>"},"searchcontainer":{"components":["b2b2866d-7620-4e02-809a-d4e1a2993781"],"grid":"<div class=\"scs-row\"><div class=\"scs-col\" style=\"width: 100%;\"><div id=\"b2b2866d-7620-4e02-809a-d4e1a2993781\"></div></div></div>"}},"componentInstances":{"9096b489-4768-4a11-97d8-b732aea59705":{"type":"scs-socialbar","id":"scs-socialbar","data":{"alignment":"left","backgroundColor":"","borderColor":"#808080","borderRadius":0,"borderStyle":"none","borderWidth":1,"iconSize":28,"iconSpacing":10,"images":[{"source":"","name":"COMP_ICON_FACEBOOK","class":"scs-facebook-icon","title":"","altText":"","description":"","link":"http://www.facebook.com","target":["_blank"]},{"source":"","name":"COMP_ICON_LINKEDIN","class":"scs-linkedin-icon","title":"","altText":"","description":"","link":"http://www.linkedin.com","target":["_blank"]},{"source":"","name":"COMP_ICON_TWITTER","class":"scs-twitter-icon","title":"","altText":"","description":"","link":"http://www.twitter.com","target":["_blank"]},{"source":"","name":"COMP_ICON_GOOGLEPLUS","class":"scs-googleplus-icon","title":"","altText":"","description":"","link":"http://plus.google.com","target":["_blank"]},{"source":"","name":"COMP_ICON_YOUTUBE","class":"scs-youtube-icon","title":"","altText":"","description":"","link":"http://www.youtube.com","target":["_blank"]}],"layout":"horizontal","marginBottom":5,"marginLeft":5,"marginRight":5,"marginTop":5,"styleClass":"","useStyleClass":"true","visible":true,"contentIds":[],"contentViewings":[]}},"c6abd26d-28b4-4be1-930c-18370cf566d0":{"type":"scs-paragraph","id":"scs-paragraph","data":{"actions":"","alignment":"fill","backgroundColor":"","borderColor":"#808080","borderRadius":0,"borderStyle":"none","borderWidth":1,"fontColor":"#333333","fontFamily":"'Helvetica Neue', Helvetica, Arial, sans-serif","fontSize":16,"marginBottom":5,"marginLeft":5,"marginRight":5,"marginTop":5,"placeholderText":"","styleClass":"","useStyleClass":"true","userText":"<div>Content</div>","visible":true,"width":400}},"bc621bee-7b36-4edc-a8f1-106948d2771a":{"type":"scs-image","id":"scs-image","data":{"alignment":"right","altText":"","borderColor":"#808080","borderRadius":0,"borderStyle":"none","borderWidth":1,"caption":"","contentId":"","contentViewing":"","imageHref":"[!--$SCS_PAGE--]12[/!--$SCS_PAGE--]","imageHrefContentViewing":"","imageHrefName":"","imageName":"Cafe-Supremo-Logo.png","imageTarget":"_self","imageUrl":"[!--$SCS_CONTENT_URL--]/Cafe-Supremo-Logo-7708770000002969.png","linkType":"scs-link-sitepage","marginBottom":0,"marginLeft":0,"marginRight":0,"marginTop":0,"styleClass":"","title":"","useStyleClass":"true","visible":true,"width":300}},"a3faf1db-c39a-46a6-8072-da1b922bf5a9":{"type":"scs-image","id":"scs-image","data":{"alignment":"left","altText":"","borderColor":"#808080","borderRadius":0,"borderStyle":"none","borderWidth":1,"caption":"","contentId":"","contentViewing":"","imageHref":"[!--$SCS_PAGE--]12[/!--$SCS_PAGE--]","imageHrefContentViewing":"","imageHrefName":"","imageName":"Cafe-Supremo-Logo.png","imageTarget":"_self","imageUrl":"[!--$SCS_CONTENT_URL--]/Cafe-Supremo-Logo-7708770000002968.png","linkType":"scs-link-sitepage","marginBottom":0,"marginLeft":0,"marginRight":0,"marginTop":0,"styleClass":"","title":"","useStyleClass":"true","visible":true,"width":300}},"d3d06e79-8af4-4746-8a0f-84a0a4ae2fd0":{"type":"scs-componentgroup","id":"FooterBar","data":{"className":"","components":["9096b489-4768-4a11-97d8-b732aea59705","bc621bee-7b36-4edc-a8f1-106948d2771a"],"grid":"<div class=\"scs-row\"><div class=\"scs-col\" style=\"width: 70.01%;\"><div id=\"9096b489-4768-4a11-97d8-b732aea59705\"></div></div><div class=\"scs-col\" style=\"width: 29.99%;\"><div id=\"aed03106-2283-43bb-80bb-16e270ef61ba\"></div><div id=\"bc621bee-7b36-4edc-a8f1-106948d2771a\"></div></div></div>"}},"e461112f-2ae8-44ce-a2ad-592774164c37":{"type":"scs-contentlist","id":"scs-contentlist","data":{"alignment":"fill","borderColor":"black","borderRadius":0,"borderStyle":"none","borderWidth":1,"contentTypes":["Blog"],"customSettingsData":"","dateFilter":"all","dateFilterBegin":"","dateFilterEnd":"","dateFilterNumber":1,"dateFilterNumber2":1,"dateFilterUnits":"days","detailPageId":"43","layoutCategory":"Overlay","marginBottom":0,"marginLeft":0,"marginRight":0,"marginTop":0,"maxResults":1,"queryString":"offset=7","sectionLayout":"","sectionLayoutInstanceId":"","sortOrder":"updateddate:desc","styleClass":"","useStyleClass":"true","visible":true,"width":""}},"dbc4cc72-36f3-4a20-ad3c-7e9ce8724f2d":{"type":"scs-contentlist","id":"scs-contentlist","data":{"alignment":"fill","borderColor":"black","borderRadius":0,"borderStyle":"none","borderWidth":1,"contentTypes":["Blog"],"customSettingsData":"","dateFilter":"all","dateFilterBegin":"","dateFilterEnd":"","dateFilterNumber":1,"dateFilterNumber2":1,"dateFilterUnits":"days","detailPageId":"43","layoutCategory":"Overlay","marginBottom":0,"marginLeft":0,"marginRight":0,"marginTop":0,"maxResults":1,"queryString":"offset=8","sectionLayout":"","sectionLayoutInstanceId":"","sortOrder":"updateddate:desc","styleClass":"","useStyleClass":"true","visible":true,"width":""}},"b2b2866d-7620-4e02-809a-d4e1a2993781":{"type":"scs-component","id":"Search-Button","data":{"actions":"","alignment":"right","assets":"","borderColor":"#808080","borderRadius":0,"borderStyle":"none","borderWidth":1,"componentId":"searchButton","componentName":"Search Button","componentFactory":"","componentLayout":"default","contentId":"","contentLayoutCategory":"","contentPlaceholder":false,"contentTypes":[],"contentViewing":"","customSettingsData":{"url":"blog/search.html","method":"GET","urlParam":"term","placeholderText":"Search Blogs..."},"componentConfig":{"id":"searchButton","settingsData":{"settingsWidth":500,"settingsRenderOption":"dialog","triggers":[],"actions":[]},"initialData":{"componentId":"searchButton","componentName":"Search Button","alignment":"center","componentLayout":"default","customSettingsData":{"url":"blog/search.html","method":"GET","urlParam":"term","placeholderText":"Search Blogs"},"nestedComponents":[]}},"description":"","detailPageId":"","height":"","initialized":true,"isCaaSLayout":false,"linkType":"scs-link-action","marginBottom":5,"marginLeft":5,"marginRight":5,"marginTop":5,"nestedComponents":[],"styleClass":"","styleClassName":"","seeded":false,"useStyleClass":"true","visible":true,"visibleNestedComponents":[],"width":0}}}}