{"siteAuthor":"Oracle","itemGUID":"S72C231A9CD2C43519228FA245B3E9DD6490729DF083","numUpdates":"0","siteLongDescription":"This template illustrates a hierarchical representation of materials with a correspondingly capable navigation bar. The template includes multiple sample page organizations that all adhere to a consistent visual theme. Use this template as starting point to present resources of any kind. Copy the existing pages and replace the demo content to quickly create a portal through which to share content internally or externally.","siteName":"CafeSupremo"}