{
	"properties": {
		"themeName": "CafeSupremoTheme",
		"siteName": "CafeSupremo",
		"siteRootPrefix": "/CafeSupremo/",
		"isLive": null,
		"description": null,
		"keywords": "",
		"header": "",
		"footer": "<div class=\"scs-cookie-consent\" data-scs-consent-version=\"1\" style=\"display: none;\">This site uses cookies.  Please review our <a href=\"[!--$SCS_PAGE--]148[/!--$SCS_PAGE--]\">Privacy Policy</a>.  <a href=\"#\" alt=\"close\" class=\"scs-cookie-consent-close\"></a></div>",
		"hideFromSearchEngines": false,
		"errorPage": null,
		"siteURL": "",
		"noIndex": false,
		"noFollow": false,
		"noArchive": false,
		"noSnippet": false
	}
}