{"pages":[{"id":12,"name":"HOME","parentId":null,"pageUrl":"home.html","hideInNavigation":false,"linkUrl":"","linkTarget":"","children":[34,39,38,70],"overrideUrl":false,"isDetailPage":false},{"id":34,"name":"PRODUCT CATALOG","parentId":12,"pageUrl":"product-catalog.html","hideInNavigation":false,"linkUrl":"","linkTarget":"","children":[41],"overrideUrl":false,"isDetailPage":false},{"id":38,"name":"CUSTOMER SERVICE","parentId":12,"pageUrl":"customer-service.html","hideInNavigation":false,"linkUrl":"","linkTarget":"","children":[],"overrideUrl":false,"isDetailPage":false},{"id":39,"name":"BLOG","parentId":12,"pageUrl":"blog.html","hideInNavigation":false,"linkUrl":"","linkTarget":"","children":[43,44,67],"overrideUrl":false,"isDetailPage":false},{"id":41,"name":"Details","parentId":34,"pageUrl":"product-catalog/details.html","hideInNavigation":true,"linkUrl":"","linkTarget":"","children":[],"overrideUrl":false,"isDetailPage":true},{"id":43,"name":"BlogDetails","parentId":39,"pageUrl":"blog/blogdetails.html","hideInNavigation":true,"linkUrl":"","linkTarget":"","children":[],"overrideUrl":false,"isDetailPage":true},{"id":44,"name":"AuthorDetails","parentId":39,"pageUrl":"blog/authordetails.html","hideInNavigation":true,"linkUrl":"","linkTarget":"","children":[],"overrideUrl":false,"isDetailPage":true},{"id":67,"name":"Search","parentId":39,"pageUrl":"blog/search.html","hideInNavigation":true,"linkUrl":"","linkTarget":"","children":[],"overrideUrl":false,"isDetailPage":false},{"id":70,"name":"Content Items","parentId":12,"pageUrl":"content-items.html","hideInNavigation":true,"linkUrl":"","linkTarget":"","children":[],"overrideUrl":false,"isDetailPage":false}]}