{"numUpdates":"0","siteLongDescription":"This template illustrates a hierarchical representation of materials with a correspondingly capable navigation bar. The template includes multiple sample page organizations that all adhere to a consistent visual theme. Use this template as starting point to present resources of any kind. Copy the existing pages and replace the demo content to quickly create a portal through which to share content internally or externally.","itemGUID":"S0818591A4759FB133C0789CDA97E147E0A0657F48B3","siteName":"Maximum","isEnterprise":"true","slugPrefix":"maximumdemo1","siteAuthor":"Oracle"}