{"properties":{"themeName":"MaximumTheme_2","siteName":"SCSTEMPLATE_Maximum","siteRootPrefix":"/SCSTEMPLATE_Maximum/","isLive":null,"description":"","keywords":"","header":"","footer":"","hideFromSearchEngines":false,"errorPage":null,"siteURL":"","noIndex":false,"noFollow":false,"noArchive":false,"noSnippet":false,"collectionId":"","targetId":"","targetAccessTokens":[],"isCobrowseEnabled":false,"cobrowseId":null,"siteConnections":{},"conversationId":null,"mapProvider":null,"mapAPIKey":null,"isEnterprise":true,"repositoryId":"","channelId":"CHANNELF0818591A4759FB133C0789CDA97E147E0A0657F48B3","channelAccessTokens":[],"arCollectionId":"OB0E13A23A741C487F6BA05B306D9018C827FDD6ED0C"}}